"","code","Atrisk","Une","Chronic","Density","Circulatory","Educational","GDP","Personnel","Beds","Influenza","Lifeexp","Longterm","Malignant","Pneumonia","Respiratory","Over.75","Obesity","Over.60","Males","Diabetes","Pop","Over75rate","Over60rate","Malesrate","PM","deaths","rate","lon","lat","cluster"
"1","CH01",15.8,7.5,26.03,199.7,205.27,21.6,104579,492.5787481,505.6070328,4.15,84.2,52.4784181,36.88,19.15,58.94,134928,14.9,369097,804808,14.02,1642580,8.214394428,22.4705646,48.99657855,11.02979228,2424,1475.72720963363,7.20728806,46.34253193,6
"2","CH02",16.8,3.8,28.99,193,280.93,18.8,115825,380.2564947,420.050779,3.12,83.3,67.7088827,41.73,19.14,61.14,172895,13.1,484527,926783,17.3,1877154,9.210485661,25.81178742,49.37170845,10.74206957,2480,1321.14893077499,7.42713797,46.90173357,6
"3","CH03",16.1,3.5,22.76,603,245.94,17.1,84190,473.5144539,534.749226,4.38,83.9,94.99571529,42.29,15.23,52.27,105917,14.9,293601,576428,14.14,1161105,9.122086288,25.28634361,49.64477803,12.06896976,1158,997.32582324596,8.02690245,47.42401775,6
"4","CH04",9.6,4,22.04,925.1,232.4,20.6,123018,521.641481,420.1929298,2.62,84,81.52702752,34.88,14.25,47.45,125708,14.9,339407,757081,14.54,1520968,8.264999658,22.31519664,49.77626091,12.20832352,1469,965.832285754861,8.6549086,47.41286517,6
"5","CH05",13.8,3.5,26.15,104.6,276.69,18,69651,348.7993498,502.4988927,2.06,83.6,114.0845058,40.6,16,53.15,103732,14.9,297574,590060,21.08,1176321,8.818341252,25.29700651,50.16147803,10.25411969,1326,1127.24332898928,9.44994425,46.90997201,6
"6","CH06",11.3,2.7,19.89,191.9,253.73,18.4,54023,316.8293451,328.7596426,3.63,84,149.6821867,33.4,13.89,44.29,67544,14.9,194868,409769,19.29,813056,8.307422859,23.9673528,50.39861953,10.99202367,775,953.193875944584,8.42068777,46.96850269,6
"7","CH07",23.9,6.9,31.32,128.9,276.26,17.9,24520,452.8178003,553.5697608,4.8,85.2,337.6322723,55.31,24.55,79.58,40465,11.1,101756,172192,6.55,353343,11.45204518,28.79808005,48.73225166,13.5771656,994,2813.13058416326,8.80817102,46.29657398,4
"8","DE11",13.4,2.4,31.53,393.3,352.95,20.9,48300,272.3355452,491.7437729,3.05,82.3,9.026364224,38.7,19.59,65.32,443671,14.13,1080502,2067094,29.41,4143418,10.70785038,26.0775524,49.88861853,12.87734501,3884,937.390338121812,9.62515495,49.01673358,4
"9","DE12",14.5,2.8,37.2,409.3,373.26,20.9,41200,402.2631401,726.3480574,2.59,81.7,9.019193057,44.04,24.11,77.86,301760,14.13,750270,1394621,26.07,2805129,10.75743754,26.74636354,49.71682229,12.48780019,2772,988.189847953517,8.68090629,49.02249798,1
"10","DE13",12.7,2.2,33.13,244.9,355.53,20.9,36000,498.306667,899.7694382,2.41,82.2,9.052894961,38.44,20.23,68.04,247028,14.13,613084,1116838,25.47,2264469,10.90887091,27.07407344,49.32008343,11.53820008,2459,1085.90579071738,8.22289353,48.02686287,4
"11","DE14",14.3,1.9,33.25,214.2,354.69,20.9,40800,607.8048302,1097.485237,2.67,82.5,9.049203428,35.1,16.52,65.14,195216,14.13,488580,923140,26.08,1856517,10.51517438,26.31702268,49.72429555,11.77162836,1487,800.96223196448,9.50038964,48.13169333,4
"12","DE21",14.9,1.9,33.82,273.4,319.19,19.1,54900,178.3121927,322.2252406,1.71,82.7,8.066300724,37.96,20.27,68.37,481515,14.84,1176816,2318777,23.79,4686163,10.27525078,25.11257077,49.48135607,12.50420077,4584,978.199008442515,11.75409606,48.1016325,6
"13","DE22",20.9,2,31.41,121,417.01,19.1,36800,674.6718685,1219.189231,2.46,81.1,8.074100868,41.91,36.41,87.67,126984,14.84,337950,620809,30.81,1238528,10.25281625,27.28642388,50.12474486,13.90032358,1868,1508.24204216618,12.78683177,48.70670327,4
"14","DE23",17.3,2.3,34.78,115.2,414.34,19.1,40000,753.2888776,1361.256828,3.55,80.9,8.113451291,47.62,35.05,89.86,114566,14.84,299477,552961,30.66,1109269,10.3280629,26.99768947,49.84913488,13.22296264,1528,1377.48373027643,12.11752136,49.39960851,4
"15","DE24",17.9,2.3,47.35,147.8,516.95,19.1,35600,782.7766651,1414.543758,1.88,80.6,8.056341934,47.63,38.59,107.12,124946,14.84,314515,525763,30.7,1067482,11.70474069,29.46326027,49.25263377,12.52900059,1668,1562.55562154678,11.37609762,50.05114558,1
"16","DE25",19.3,2.1,47.08,245.7,441.3,19.1,41700,471.9834659,852.9141138,2.51,81,8.077266111,44.4,34.91,98.97,189754,14.84,475485,873070,24.39,1770401,10.71813674,26.85747466,49.31481625,13.28836408,2588,1461.81571293735,10.78621802,49.34766109,4
"17","DE26",17.6,2,36.74,155.1,448.21,19.1,38200,634.4125534,1146.437237,1.22,81.6,8.047837561,42.24,27.19,80.28,148221,14.84,378013,652896,27.37,1317124,11.25338237,28.69987943,49.56982031,12.57192344,1482,1125.17879865525,9.94813363,50.0114912,1
"18","DE27",15.4,2.2,31.97,191.5,392.47,19.1,37200,442.6424206,799.8923589,1.13,82.1,8.051896592,37.84,28.15,76.64,204696,14.84,509230,939517,23.71,1887754,10.84336201,26.97544277,49.7690377,11.88256702,1865,987.946522693105,10.51873384,48.16190783,4
"19","DE30",21.7,5.3,51.47,4322.9,313.97,18.7,37600,540.0532152,571.6047899,0.7,80.8,27.32640735,58.18,21.71,82.86,370895,12.98,898889,1792801,32.49,3644826,10.17593158,24.6620552,49.18756067,14.44181417,3625,994.560508512615,13.40234641,52.50127923,1
"20","DE40",18,3.4,46.46,86.7,496.26,15.8,27200,372.9024486,822.8376973,0.72,80.7,46.73721305,60.41,26.66,86.3,335332,17.91,814083,1239460,27.04,2511917,13.34964491,32.40883357,49.34319088,13.78259502,3847,1531.49964748039,13.39778971,52.47263049,1
"21","DE50",27.4,5.1,44.35,1744.5,434.47,21.8,46300,539.2497064,786.9853848,0.51,79.7,166.328446,66.3,40.81,107.55,76722,14.65,185457,338035,7.83,682986,11.23331957,27.15385088,49.49369387,12.48413065,507,742.328539677241,8.73617285,53.21438916,1
"22","DE60",24,3.6,35.68,2597.5,301.81,20.6,60700,627.2611191,701.7242756,0.83,81.1,56.53985843,57.5,15.58,63.63,181855,11.13,430980,902048,13.73,1841179,9.877095057,23.40782727,48.99295506,12.45233,1716,932.011499153532,10.01152579,53.54727345,1
"23","DE71",14.1,3.1,41.51,542.2,366.34,20.5,48800,215.5937744,435.2888571,0.84,81.8,16.30520136,47.4,22.68,78.05,411497,15.72,1037725,1971254,25.13,3998724,10.29070774,25.9514035,49.29707577,12.57315949,4980,1245.39728173287,8.75792909,50.05921003,1
"24","DE72",17,3.3,48.2,194.9,446.99,20.5,32100,823.1941959,1662.048274,1.34,80.9,16.32829225,47.62,23.48,89.78,113573,15.72,289951,517202,36.89,1047262,10.84475518,27.686577,49.3861135,11.89112196,1274,1216.50551628914,8.74636153,50.64726041,1
"25","DE73",14.6,2.8,54.18,147.5,494.99,20.5,34900,706.7418798,1426.928333,1.97,80.8,16.31384225,50.89,29.8,99.98,146935,15.72,362380,604588,34.29,1219823,12.04560006,29.70758872,49.56358422,11.85075318,1469,1204.2730789631,9.45460447,51.05335185,1
"26","DE80",24.7,4,45.88,71.3,506.56,15.8,25800,430.1489431,1286.284498,1.43,79.9,84.05423455,66.87,19.68,78.6,211876,20.56,530878,793639,34.05,1609675,13.16265706,32.98044636,49.30430056,12.04474727,1198,744.249615605635,12.53615906,53.75616672,1
"27","DE91",20,3.3,52.08,197.3,489.03,19.8,41500,472.5644514,929.405987,1.19,80.3,17.41422554,63.99,26.64,91.69,195085,15.53,469593,790405,27.86,1596396,12.22033881,29.41582164,49.51183791,12.15697558,1331,833.75302869714,10.3471971,52.03912294,1
"28","DE92",18.3,3.5,49.25,239,481.59,19.8,36100,350.9155482,690.1556188,0.09,80.5,17.3969267,60.75,28.55,90.52,259914,15.53,619217,1054567,25.75,2149805,12.0901198,28.8034031,49.054077,11.94941137,1877,873.102444175169,9.34936496,52.39601974,1
"29","DE93",14.4,2.6,49.36,111.4,460.7,19.8,26500,440.9339102,867.1972992,0.53,80.6,17.41759083,63.32,22.95,84.33,202120,15.53,503126,844086,24.97,1710914,11.81356865,29.40685505,49.33538448,11.60242832,1037,606.108781621987,9.7777212,53.18178639,1
"30","DE94",19.3,3,47.92,169.8,425.91,19.8,33600,298.73288,587.5264767,0.72,80.5,17.42344475,56.1,28.69,92.21,267396,15.53,684686,1254185,29.3,2525333,10.58854416,27.11270157,49.6641433,11.55053801,1696,671.594597623363,7.77414311,52.9423645,1
"31","DEA1",20.8,3.8,52.09,1006.7,377.65,21.5,38800,302.2304852,534.5114229,0.54,80.3,5.90121217,70.32,22.91,92.16,599586,16.19,1466289,2538726,16.33,5202321,11.5253557,28.18528499,48.79987221,13.73886578,5637,1083.55482101162,6.59494345,51.43063918,1
"32","DEA2",20.1,3.4,47.66,613.4,351.78,21.5,40000,351.831232,622.2331023,1.33,80.9,5.885111875,62.76,18.2,79.38,473189,16.19,1180173,2193175,16.4,4468904,10.58847986,26.40855565,49.07635071,12.2645893,3457,773.567747259731,6.80914419,50.82503494,4
"33","DEA3",18.6,3.4,50.16,380.1,359.47,21.5,31500,599.2867105,1059.871879,0.95,80.8,5.907870007,64.71,24.97,91.89,280400,16.19,714718,1291424,18.28,2623619,10.68752742,27.2416841,49.22300075,12.8705849,2627,1001.28867796734,7.41642667,51.95073342,1
"34","DEA4",17.2,3,46.73,316.3,404.78,21.5,35400,764.9940885,1352.934594,0.63,81.1,5.887189767,50.77,22.98,84.66,231814,16.19,562410,1013832,20.03,2055310,11.2787852,27.36375535,49.32744939,12.08853646,1879,914.217320014986,8.78410267,51.93934725,1
"35","DEA5",20.6,3.9,51.84,449.1,411.73,21.5,32600,438.8838288,776.1904616,0.84,80,5.889746733,67.48,25.46,95.14,414852,16.19,1025154,1761474,19.04,3582497,11.57996783,28.61562759,49.16888974,12.0719192,3528,984.78798447005,8.00626588,51.31598688,1
"36","DEB1",21.1,2.3,53.34,186.7,487.34,20.3,32400,362.3273179,721.4458331,1.27,80.7,27.20797387,62.93,25.13,93.82,176305,17.05,446398,738472,28.5,1495885,11.78599959,29.84173249,49.36689652,11.27524455,1355,905.818294855554,7.50550472,50.25281695,1
"37","DEB2",19.6,2,47.09,108.5,446.54,20.3,29600,1020.702175,2032.364922,0.57,80.9,27.30660801,63.17,13.62,72.06,58049,17.05,148618,264244,28.74,531007,10.93187095,27.98795496,49.76280915,10.69425671,286,538.599302834049,6.6745629,49.97422035,1
"38","DEB3",17.8,3.3,42.78,303.2,424.37,20.3,35800,263.3686306,524.4048452,1.47,81,27.26011102,54.76,21.27,80.24,227039,17.05,580578,1014860,27.53,2057952,11.03227869,28.21144516,49.31407535,12.24190374,2339,1136.56683926544,7.9439624,49.46422295,1
"39","DEC0",22.9,3.7,52.98,385.5,455.83,18.5,33400,479.5514226,932.9546728,0.1,79.7,132.2552344,70.44,11.34,76.16,122860,15.97,311786,486159,39.34,990509,12.40372374,31.47735154,49.08173474,11.52410669,933,941.939952085241,6.95238191,49.38473538,6
"40","DED2",19.1,3.5,43.56,205.6,524.7,16.2,29100,346.1396234,722.6884762,2.37,81.5,33.28746921,47.56,19.19,74.18,232108,16.85,523560,790659,24.07,1598199,14.52309756,32.75937477,49.47187428,15.33856531,4809,3009.01201915406,14.13943059,51.17062111,1
"41","DED4",20.3,3.7,42.5,219.9,686.52,16.2,27000,385.1174253,804.0683771,3.16,80.5,33.27659604,53.98,23.45,80.32,220676,16.85,526487,705809,27.47,1436445,15.36264876,36.65208205,49.13581794,13.1320909,4088,2845.9147409055,12.79200742,50.71696047,1
"42","DED5",20.6,4.7,47.49,268.4,523.12,16.2,30100,530.2441404,1107.071551,2.73,80.6,33.26007172,46.23,16.45,74.55,132528,16.85,305266,513151,25.37,1043293,12.70285529,29.25985318,49.18570335,13.80777799,1308,1253.72258799781,12.67468972,51.35906772,1
"43","DEE0",20.5,4.6,43.82,108.7,614.06,15.2,26500,405.8739649,880.8502025,2.37,79.4,66.33999314,70.79,19.94,79.69,313255,20.2,760540,1086679,41.57,2208321,14.1852113,34.43973951,49.20838048,12.78949767,3532,1599.40515894202,11.70098081,52.01300782,1
"44","DEF0",21.5,2.9,45.73,188.2,437.97,19.4,31000,426.6906755,896.3265937,1.01,80.4,49.78057881,70.37,24.88,87.72,354362,14.4,853761,1419457,14.75,2896712,12.23324928,29.47345128,49.00235163,11.07975146,1682,580.65834642864,9.81472214,54.18143231,1
"45","DEG0",20.2,3.7,47.87,132.4,544.92,15.9,27400,419.523644,1001.378815,1.16,80.3,60.28523502,53.52,32.57,99.86,289910,18.13,720821,1060814,38.53,2143145,13.52731616,33.63379519,49.4980041,12.32586595,4411,2058.19018311873,11.02469205,50.90408604,1
"46","ES11",18.8,11.8,43.32,92,357.06,17.8,25300,466.8496738,333.4640527,2.58,83.5,30.29134871,57.67,24.2,146.78,357954,18.4,858884,1303453,16.43,2700441,13.25539051,31.80532365,48.26815324,5.246923485,2614,967.990043107774,-7.91043096,42.75757635,3
"47","ES12",14,14.2,44.67,96.6,383.83,16.4,24900,401.7785082,340.3426906,4.64,82.9,136.2740351,68.26,25.43,152.66,131268,21.7,340721,488675,18.99,1022205,12.84165114,33.33196375,47.80596847,5.63871291,2065,2020.14273066557,-5.99193962,43.29236182,3
"48","ES13",19.9,10.3,35.25,110.5,281.35,18.8,26000,528.5046962,326.1461967,3.1,83.6,166.0818271,61.22,19.95,129.32,62769,17.5,168080,283562,5.81,581641,10.79170829,28.89755021,48.75206528,5.91105883,604,1038.4412378082,-4.02902815,43.19745518,3
"49","ES21",8.6,9.2,33.82,303.7,265.67,21.6,36300,506.9149815,328.2090841,4.61,84.1,42.5184124,56.01,18.5,108.2,245525,13.8,638418,1054101,15.62,2177880,11.27357797,29.31373629,48.40032509,6.638650095,4850,2226.9362866641,-2.6154203,43.04292801,3
"50","ES22",8.9,8.2,34.2,63.1,247.21,20.8,34300,503.7341564,327.1040979,5.47,84.4,159.8594345,49.04,17.65,100.73,64525,15.4,167554,321064,20.67,649946,9.927747844,25.77968016,49.39856542,6.464232765,1240,1907.85080606697,-1.64554601,42.66784445,3
"51","ES23",16.6,10,29.75,62.6,301,22.4,29700,416.8115036,323.6906474,1.28,83.9,327.5175319,39.34,16.95,105.24,34411,15,85955,154512,15.96,313571,10.97391021,27.41165478,49.27496484,6.215278883,816,2602.28146097694,-2.51661746,42.27412815,3
"52","ES24",14.2,10,40.8,27.9,327.57,20,30800,470.0186129,373.6220133,4.03,83.8,87.68834442,58.81,29.63,124.69,150493,15.7,368612,651885,14.3,1320586,11.39592575,27.91275994,49.36331295,5.891876876,3755,2843.43465703862,-0.65956968,41.51945511,3
"53","ES30",16.1,10.6,24.77,839.7,183.14,23.5,38300,453.3512686,269.9630769,1.54,85.5,12.28610545,39.46,22.79,108.2,580055,15.9,1556957,3184373,11.01,6641649,8.733599141,23.44232584,47.94551775,7.380935316,15584,2346.40523761494,-3.71697051,40.49460726,3
"54","ES41",16.1,11.6,37.03,25.6,347.83,19.4,26300,454.4108504,349.6650168,3.41,84.3,47.43050828,54.6,28.41,155.13,332917,13.2,775582,1188756,20.87,2407733,13.82698995,32.21212651,49.37241795,5.815016135,7203,2991.61078076348,-4.7815099,41.75409033,3
"55","ES42",29.9,16.2,44.93,25.8,269.28,22,22300,285.373514,234.903633,3.23,83.8,109.4415043,49.24,32.09,147.87,207201,20.3,501681,1021106,23.1,2034877,10.18248277,24.65411914,50.18023202,6.136009305,6299,3095.51879548494,-3.0043072,39.58098853,3
"56","ES43",37.6,21.6,32.85,26,318.6,21.1,20500,260.3658262,328.9770082,1.67,82.8,111.0356065,59.12,42.41,154.98,115646,19.3,286055,528981,20.12,1065424,10.85445794,26.84893526,49.64981078,5.964390297,1949,1829.31865623451,-6.15040981,39.19126178,3
"57","ES51",13.6,11,38.46,238.1,234.7,22.4,33200,406.3078088,382.8621446,3.72,83.7,11.4849392,45.23,16.58,99.92,712747,14.9,1883389,3698669,19.56,7566431,9.419857262,24.89137878,48.88261057,6.441000452,15332,2026.31861706001,1.52958544,41.79878717,3
"58","ES52",26,14.1,30.54,216.2,273.69,21.4,24500,374.6757015,234.7552316,2.01,82.9,11.05534527,49.97,20.87,98.82,465399,18.8,1269463,2450794,19.8,4974969,9.35481206,25.51700322,49.26249792,7.24934638,7694,1546.54230006257,-0.55395386,39.40054601,3
"59","ES53",15.4,11.8,27.11,241.2,207.74,18.8,30200,300.7860497,292.2017808,2.09,83.6,41.06983555,46.05,12.51,73.07,85550,15.5,252794,594424,25.78,1188220,7.199845147,21.27501641,50.02642608,6.438232502,952,801.198431266937,2.91249362,39.57403136,3
"60","ES61",32,21.2,29.49,97.4,272.41,24.2,20900,344.5900606,219.2015217,1.52,82.1,6.241541732,42.66,19.67,93.36,682025,21,1933673,4160232,20.48,8427405,8.092942015,22.94505841,49.36551643,6.417875723,10978,1302.65485045515,-4.5757648,37.46301903,3
"61","ES62",28.6,14.7,32.72,132.4,229.4,23.5,23200,446.337645,315.1251325,1.43,83,14.65385642,39.38,21.79,103.67,112904,16.1,311992,744145,21.55,1487663,7.589353234,20.971954,50.02107332,7.40526958,1727,1160.88119419519,-1.48542102,38.00164722,3
"62","FR10",15.4,8.1,11.04,1026.8,129.24,24.9,54800,389.275225,546.1253901,1.16,84.5,4.516200215,36.62,12.9,39.94,837686,14.4,2463374,5911297,13.29,12244807,6.841153152,20.11770377,48.27595078,12.65396288,21509,1756.58138180536,2.5038981,48.70926402,11
"63","FRB0",13.1,8.2,15.81,65.4,250.99,21.1,25700,263.6381994,618.8071531,1.56,82.8,38.74853913,51.75,19.55,61.72,274840,16.9,746946,1245834,18.1,2565258,10.71393209,29.11777295,48.56564135,10.12913822,2862,1115.67725351602,1.6842791,47.48454695,7
"64","FRC1",13.6,7.5,18.61,51.3,271.7,20.5,25300,294.1234578,695.7958373,2.18,82.3,53.83619966,57.62,21.85,69.62,188865,14.9,510714,786026,21.82,1619728,11.66029111,31.53084962,48.52827141,10.27678344,3046,1880.56266237294,4.14911321,47.24750243,7
"65","FRC2",13.6,8.1,16.56,72.6,234.99,22.3,23700,306.4915368,585.2906216,1.41,82.5,76.00512949,52.37,21.11,62.06,116836,15.4,326100,577364,16.58,1173605,9.955308643,27.78618019,49.19576859,10.69040431,1938,1651.3222080683,6.08786423,47.20811415,7
"66","FRD1",13.7,8.3,18.04,82.6,271.22,21.6,25000,303.9945374,617.3438033,1.08,82.4,81.11983612,52.76,20.89,70.65,164753,15.6,450003,710237,14.02,1464500,11.24977808,30.7274155,48.49689314,8.568473087,1402,957.32331853875,-0.52233355,48.9295941,7
"67","FRD2",13.6,9.8,14.17,151.2,227.09,22.9,27000,275.0914087,568.8972545,1.17,81.7,67.23134506,54.95,16.74,55.14,165104,19.6,484749,894823,16.72,1848840,8.93013998,26.21908873,48.39915839,10.72381415,2141,1158.02340927284,1.01361918,49.39187038,7
"68","FRE1",19.7,11.2,17.99,327.4,216.41,25,25500,321.4965135,601.7818527,1.06,80.6,36.81860593,49.36,19.82,67.33,313580,21.3,963956,1965556,20.34,4052299,7.738323357,23.78787942,48.504713,12.67394947,6067,1497.17481360581,2.715134,50.47188944,7
"69","FRE2",16.2,9,18.2,99.4,213.55,22.6,22800,261.1760819,595.1261676,0.97,81.2,39.94518834,52.2,23.24,68.12,160515,20,486400,939657,23.01,1925138,8.337843832,25.26572121,48.80985155,12.4509346,3567,1852.85418499869,2.80820619,49.64221923,7
"70","FRF1",12.6,7.2,18.3,230.6,210.42,22.3,29400,366.3396236,593.8830416,1.65,82.7,51.89679349,48.46,19.09,57.15,169713,18.6,484461,928088,19.28,1894144,8.959878446,25.57677769,48.99775307,11.95701532,3438,1815.06791458305,7.4352473,48.33004237,11
"71","FRF2",16.3,9.1,19.83,51.5,237.98,22.1,26100,287.232198,588.4571745,1.15,81.6,69.88784484,57.93,21.15,67.37,127094,20.9,364629,640238,25.05,1314964,9.665207565,27.72920019,48.6886333,11.45045136,2162,1644.15147486927,4.54115547,48.73646901,11
"72","FRF3",14.8,8.1,23.13,98.6,231.07,21.5,22900,305.5458053,637.7734402,2.02,82,39.24560365,62.27,23.97,76.3,221388,17,634859,1133628,21.41,2316183,9.558312102,27.40970813,48.94380107,10.88810115,5036,2174.26688651113,6.14161888,48.76213464,11
"73","FRG0",11.3,7.5,16.08,118.3,227.85,23.4,28800,289.2221577,513.3336854,1.72,83.3,35.8821355,44.4,17.51,58.4,371414,11.8,1022802,1850573,13.54,3787400,9.80656915,27.00538628,48.86130327,8.613359537,2829,746.950414532397,-0.81452264,47.47843903,7
"74","FRH0",11,6.9,23.35,122.4,269.13,22.9,27300,322.4925909,612.0490023,2.19,82.2,38.75550436,51.98,22.87,78.35,350225,12,969898,1625610,12.52,3333720,10.50553136,29.09356515,48.76264353,6.598820101,1759,527.638793899908,-2.84069265,48.17821154,7
"75","FRI1",14,9.1,17.25,83.9,258.03,20.9,28300,360.4590665,624.3106974,1.4,83.3,41.12989831,56.8,23.11,67.03,372729,15.8,1012301,1660209,15.68,3450045,10.80359821,29.34167525,48.12137233,7.425548489,2395,694.193843848414,-0.226685,44.35357622,8
"76","FRI2",15.9,7,24.39,42.9,333.93,18.7,24500,337.8170117,822.6241505,2.62,82.5,152.6067117,56.23,23.35,82.97,94420,17.8,247097,349921,20.28,729981,12.93458323,33.84978513,47.9356312,7.216369099,669,916.462209290379,1.71447391,45.77369454,8
"77","FRI3",13.7,8.1,18.66,70,280.26,20.3,25600,298.0691937,560.6513233,2.05,82.7,68.48283666,58.76,20.41,70.37,217288,13.8,582693,874523,14.78,1806292,12.02950575,32.25906996,48.41537249,8.607133758,1129,625.03736937328,-0.07993721,46.16290759,8
"78","FRJ1",19.6,10.4,18.66,104.4,246.88,22.1,23600,363.6887515,668.9759581,1.69,82.7,51.28627817,58.54,23.09,68.99,310666,15.6,853974,1364772,15.82,2838966,10.94292781,30.08045887,48.07285469,6.59115848,2824,994.728362368552,3.22622065,43.59345098,8
"79","FRJ2",15.3,6.8,18.95,67.8,245.03,21.7,29300,345.8222109,623.675963,1.19,83.7,31.04328643,49.19,20.43,66.79,325725,11.6,865053,1495194,13.78,3060243,10.6437626,28.26746111,48.85866907,6.689672387,2359,770.853817817735,1.48766721,43.76844087,8
"80","FRK1",13.8,5.5,19.79,52.6,295.76,20.7,24300,313.8173577,731.4821338,1.86,82.5,108.2508425,53.47,24.97,74.29,158232,14.4,427338,664092,17.26,1362576,11.61271004,31.36250749,48.73797865,7.478254655,1840,1350.38339145853,3.17722873,45.65562282,8
"81","FRK2",12.6,7,14.86,150.9,187.51,23.8,32200,345.3250535,573.5848988,2.21,84.1,15.32369576,42.3,16.35,51.49,598644,12.5,1644871,3239912,15.45,6643306,9.011236273,24.75982591,48.76957346,9.716415555,10618,1598.30060515051,5.34145987,45.43663562,8
"82","FRL0",17.1,8.8,18.11,162.4,229.63,21.9,29500,406.9007934,698.6761165,2.33,83.3,19.19418113,54.13,22.66,70.01,570045,11.7,1487379,2420650,14.09,5048405,11.29158615,29.46235494,47.94880759,7.830605771,8816,1746.29412656077,6.05669038,43.95588153,8
"83","FRM0",20.1,6.4,15.58,39.6,244.64,16.8,25900,304.4906516,603.1257136,1.11,84.3,165.420402,61.09,17.63,57.75,38837,21,102625,166419,15.89,341554,11.37067638,30.04649338,48.72406706,6.614852798,236,690.959555443649,9.10582505,42.15252798,10
"84","ITC1",14.2,7.7,46.76,172.3,423.04,16.4,31900,366.5177213,350.380566,1.25,83,17.49148266,62.58,32.49,105.73,587912,9.72,1401516,2115079,22.78,4356406,13.49534456,32.17138164,48.55100741,15.97278346,11618,2666.87723779648,7.92359422,45.06022944,10
"85","ITC2",12,6.5,48.86,38.6,361.75,15.4,39500,355.7048048,362.8666465,1.58,82.3,87.53362087,48.08,29.95,111.13,15442,10.68,38173,61423,19.33,125666,12.28812885,30.37655372,48.87797813,12.06292021,474,3771.90329922175,7.38912857,45.72975914,6
"86","ITC3",14,9.6,57.82,284.3,494.34,15,32600,451.7489553,337.9894753,1.72,83.1,32.43821906,70.78,32.39,120.3,244463,9.29,546941,741760,24,1550640,15.76529691,35.27195223,47.83573234,14.59083663,4341,2799.48924315121,8.70423247,44.26466522,10
"87","ITC4",11.1,5.6,36.72,435.8,324.5,17.3,39200,367.7921359,351.7990127,1.21,84,6.888274963,58,25.22,82.37,1175116,10.52,2887766,4924451,19.36,10060574,11.6804071,28.70378966,48.94801231,21.87974873,32359,3216.41687641282,9.76907458,45.62048257,10
"88","ITF1",18.7,11.2,49.54,120.5,460.96,19.4,26200,428.33834,305.2806539,0.98,83.6,14.71507647,46.36,18.6,90.53,161420,11.99,399636,640136,28.51,1311580,12.30729349,30.46981503,48.80647768,8.799440263,2536,1933.54579972247,13.85559429,42.22756206,12
"89","ITF2",23.5,12.2,46.38,68.2,522.15,16.9,21400,411.6263166,336.6959299,1.29,83.3,20.28682959,39.94,16.11,89.23,39315,12.79,96303,150580,28.78,305617,12.86414041,31.51100888,49.27081936,8.156412674,495,1619.67429822294,14.59577084,41.68487717,12
"90","ITF3",41.4,20,45.25,422.2,383.04,21.9,18800,383.7673561,258.6831566,0.7,81.9,0.861817553,55.86,7.71,70.7,508765,11.08,1448242,2828490,53.02,5801692,8.769252142,24.96240752,48.75284658,7.628401406,7884,1358.91391683667,14.84010027,40.85972111,9
"91","ITF4",26.8,14.9,50.3,206.8,361.38,19.3,19300,375.0260917,285.1290365,0.39,83.6,5.261782359,44.56,11.61,82.46,435132,13.46,1146045,1959903,36.73,4029053,10.79985793,28.4445253,48.64425958,6.900878686,6755,1676.57263381743,16.6190572,40.9852497,9
"92","ITF5",30.1,10.8,61.89,55.7,446.73,17,22600,352.1245618,298.648531,0.7,83.1,17.2331395,41.2,12.27,99.94,66822,12.12,167749,276697,37.25,562869,11.87167885,29.80249401,49.15832991,5.658815452,611,1085.51012757853,16.08206608,40.49957404,9
"93","ITF6",32.7,21,45.24,126.5,441.5,18.9,17300,382.6655731,251.7036604,1.02,83,10.16880734,39.64,7.43,77.4,208292,10.01,547884,955673,43.84,1947131,10.69737989,28.13801434,49.08108391,4.980932658,1385,711.30293750138,16.34847645,39.06861793,9
"94","ITG1",40.7,20,44,192.1,422.59,20,18100,429.8893716,274.2459786,0.59,82.3,1.580034445,50.09,12.95,81.97,517239,12.62,1379795,2432589,47,4999891,10.34500552,27.5965016,48.65284063,4.654358587,6753,1350.62944372187,14.14742212,37.58882719,9
"95","ITG2",27.1,14.7,37.87,68.3,309.84,16.6,21600,478.1070401,303.2463584,1.88,83.8,7.379889253,54.74,15.36,74.16,191105,9.86,506711,805762,23.79,1639591,11.65565071,30.90471953,49.14408532,5.44930703,1630,994.150370427747,9.03028664,40.08695633,9
"96","ITH1",9.2,2.9,31.09,72.2,302.71,17.6,47700,321.7377226,364.8494478,3.43,84.4,142.1369108,35.1,15.45,61.99,54843,8.56,133923,262713,13.48,531178,10.32478755,25.21245232,49.45856191,8.820824112,1183,2227.12537040314,11.41597981,46.69675937,4
"97","ITH2",15.3,5.1,25.25,88.2,318.6,19.6,38500,330.2544086,364.0745299,1.11,84.6,168.1765595,45.86,17.64,63.5,60846,8.56,153685,265497,16.73,541098,11.24491312,28.40243357,49.06634288,13.92380371,1424,2631.68594228772,11.12117192,46.13520575,4
"98","ITH3",11,5.7,31.22,282,346.88,17.3,33800,342.6518604,329.7896758,1.08,84,15.06363622,51.11,26.82,79.67,576646,10.09,1434419,2399783,24.15,4905854,11.75424299,29.23892558,48.91672276,21.25117491,11675,2379.80991688705,11.84150782,45.66406068,4
"99","ITH4",8.2,6.1,40.89,159.9,421.55,16.3,31800,402.8077221,325.702342,1.23,83.5,60.81203403,58.63,36.21,111.34,167024,11.83,397050,590802,16.61,1215220,13.74434259,32.67309623,48.61687596,14.03750044,3801,3127.82870591333,13.05176527,46.15918958,4
"100","ITH5",10.1,5.6,44.35,201.9,386.19,17.2,36800,418.7710801,376.9724566,1.6,83.9,10.94298726,62.44,32.55,101.08,571319,11.32,1349509,2168535,22.24,4459477,12.81134537,30.26159794,48.62756328,19.77073392,12959,2905.94614570274,11.03778081,44.52554947,10
"101","ITI1",14.4,6.8,45.37,162.7,409.04,17,32000,438.4872431,282.8958605,1.12,84,9.866901399,61.86,29.23,101.78,501810,8.79,1187619,1800741,24.41,3729641,13.45464617,31.84271623,48.28188558,11.98713472,7109,1906.08157728854,11.12534579,43.45035419,8
"102","ITI2",12.5,8.5,49.84,105.5,437.84,17.2,25900,447.1579282,301.1286656,2.02,84.3,40.13537185,54.9,25.42,104.29,121239,10.63,282619,424819,21.91,882015,13.7456846,32.04242558,48.16460038,10.16045522,1446,1639.42790088604,12.48998667,42.96549963,12
"103","ITI3",11.7,8.7,45.32,161.9,430.61,17.8,28700,376.5232539,310.3055129,1.11,84.4,22.02887225,49.61,29.97,98.37,203803,12.37,477867,740927,24.67,1525271,13.3617567,31.32997349,48.57674472,11.06906778,3017,1978.00915378316,13.13704024,43.34898235,10
"104","ITI4",19.3,9.9,40.78,343,364.42,19.6,34100,458.3538723,350.4458689,0.98,83.6,2.993664657,63.94,24.87,87.81,650202,7.59,1646365,2838406,29.52,5879082,11.05958379,28.00377678,48.27974844,8.951552513,8601,1462.98350660868,12.76749673,41.97896982,9
"105","UKC1",24,5.7,79.12,397.1,255.77,21.9,21300,252.5918756,862.5575614,0.42,79.8,82.31082866,75.43,48.22,154.8,105828,34,313261,589786,11.92,1201543,8.807674798,26.07155965,49.08571728,6.190961202,3054,2541.73175658299,-1.69052109,54.66212334,5
"106","UKC2",24,5.6,76.27,261.6,248.71,21.9,25000,208.5284351,712.0885342,2.35,79.9,82.31204786,78.2,47.43,151.7,128040,34,378824,715101,9.41,1455437,8.79735777,26.02819634,49.13307824,5.220740274,3455,2373.85747373469,-2.01900769,55.21202135,5
"107","UKD1",22,2,64.17,73.6,321.47,22.6,27200,631.0193281,832.1906188,1.2,81.6,82.315598,62.17,51.14,147.4,55168,27,155530,245679,11.11,498083,11.07606564,31.22571941,49.32491171,5.458648966,1319,2648.15301867359,-2.89923236,54.59159044,2
"108","UKD3",22,5.1,60.44,2206.1,223.35,22.6,28600,111.374793,146.8814881,0.68,80,82.28198198,60.76,49.32,135.43,199543,27,590726,1401575,8.17,2822003,7.070970513,20.93286223,49.66596421,9.14171639,7314,2591.77612497223,-2.28511055,53.51490917,5
"109","UKD4",22,3.7,69.87,485.5,273.08,22.6,25800,210.1894045,277.1985624,0.47,79.9,82.25675074,63.48,57.49,160.24,134954,27,388707,739998,10.12,1495318,9.02510369,25.99493887,49.48766751,7.231657002,4057,2713.13526621093,-2.60954437,53.83896167,5
"110","UKD6",22,3.2,53.66,410.6,248.85,22.6,39600,337.4682047,445.0543138,0.43,81.9,82.24646668,53.23,56.48,143.25,91667,27,256614,456540,7.96,931347,9.842411046,27.55299582,49.01932362,8.36920165,2233,2397.6026121306,-2.52220982,53.20473587,2
"111","UKD7",22,3.8,75.58,2135.6,238.73,22.6,24600,202.3402716,266.8470969,1.43,79.6,82.27517247,71.75,50.93,155.18,133945,27,387184,759387,10.76,1553324,8.623120482,24.92615835,48.88786885,9.263798227,4237,2727.69879303996,-2.89793938,53.43202177,5
"112","UKE1",24,4.7,73.18,265.2,288.96,21.9,24600,283.9236794,250.792102,0.32,80.8,82.23922286,71.89,48.54,154.97,87449,33,254328,462011,14.88,932645,9.376450847,27.26953986,49.53771263,8.54694235,2125,2278.46608302194,-0.49472329,53.78730278,5
"113","UKE2",24,2.7,59.4,99,280.03,21.9,28500,321.3381647,283.8406221,1.1,82.3,82.27616151,52.07,47.3,134.33,86838,33,241859,405618,8.74,824054,10.53790164,29.34989697,49.22225971,6.967699438,1267,1537.5205993782,-1.4078689,54.18264353,2
"114","UKE3",24,5.1,62.76,902.8,238.44,21.9,22100,188.4736411,166.4803046,2.3,80.2,82.27927836,64.2,43.62,136.1,115402,33,330748,696516,9.48,1404971,8.213835019,23.54126882,49.57511579,9.362514915,3787,2695.42930067596,-1.33137283,53.48436166,5
"115","UKE4",24,4.7,57.97,1142.4,232.99,21.9,27100,113.914031,100.6211928,0.52,80.1,82.29514403,57.93,40.98,121.82,171996,33,507937,1144900,11.48,2324560,7.399077675,21.85088791,49.25233162,8.389652513,4686,2015.86536806966,-1.68886876,53.74340409,5
"116","UKF1",19,3.9,59.47,460.9,239.62,21.3,24800,121.6984764,141.0616541,1.1,80.9,82.29350506,57.78,45.62,132.38,190937,25,552144,1093559,13.11,2210381,8.638194049,24.97958497,49.4737785,9.276895821,5190,2348.01149666053,-1.34104614,53.1321433,2
"117","UKF2",19,4.2,51.85,374.6,204.54,21.3,28100,145.8971973,169.1105803,0.88,81.5,82.27734135,49.7,41.98,120.31,145431,25,433417,914616,10.37,1843764,7.887723158,23.50718422,49.60591486,9.651173358,3812,2067.50972467192,-0.95800443,52.49418417,2
"118","UKF3",19,3.7,64.71,127.1,294.39,21.3,22500,355.3876235,411.9325688,0.4,81,82.30724515,59.63,52.81,149.87,79891,25,226847,370753,13.33,756920,10.55474819,29.96974581,48.98179464,9.209628787,1698,2243.30180203985,-0.25091462,53.11539167,2
"119","UKG1",24,3,53.44,228.7,254.62,22.9,31000,265.4267271,230.5293969,0.22,81.9,82.28967889,48.8,51.42,134.08,137753,35,383246,667634,10.8,1352539,10.18477101,28.33530124,49.36153412,8.721802172,2623,1939.31561308029,-2.17809371,52.2050174,2
"120","UKG2",24,3.3,63.76,261.8,255.05,22.9,24200,220.6574732,191.64624,1.3,80.9,82.300935,54.34,43.87,136.88,154459,35,441903,809998,11.11,1626956,9.493741687,27.16133688,49.78610362,8.274782238,4075,2504.67744671644,-2.41631723,52.73745253,2
"121","UKG3",24,6,53.3,3235.7,218.38,22.9,27100,122.5935049,106.4753616,0.62,80.2,82.29814672,49.86,42.48,120.01,217488,35,590894,1450447,15.06,2928377,7.426912587,20.17820793,49.53074689,9.253218035,7571,2585.39115694461,-1.87507251,52.48824705,2
"122","UKH1",20,2.9,55.07,200.1,258.01,21.2,29000,138.9552028,123.647923,0.56,82.3,82.28654276,49.13,45.52,130.43,255238,27,702563,1249971,10.9,2521676,10.12176029,27.86095438,49.56905645,9.989243069,3861,1531.12453780739,0.73094147,52.45310098,2
"123","UKH2",20,2.7,47.95,648.3,195.8,21.2,35300,187.1947868,166.5734432,0.27,82.3,82.27168139,41.76,44.96,117.77,146973,27,410384,922279,9.89,1871847,7.851763526,21.92401409,49.27106756,9.97964735,4176,2230.95156815701,-0.31758584,51.93439968,2
"124","UKH3",20,3.2,60.71,500,232.35,21.2,26400,190.2396835,169.2829147,0.22,81.8,82.30689505,56.79,56.08,143.69,167717,27,470365,901611,10.81,1841887,9.10571604,25.53712578,48.95039707,10.69746108,5137,2788.98759804483,0.55284425,51.79566837,2
"125","UKI3",28,3.8,28.46,10844.6,122.94,23.2,190500,314.5702735,361.3568268,0.95,84.7,82.31745474,30.52,20.98,60.7,62386,24,188357,595936,8,1190513,5.240261971,15.8214988,50.05707624,12.4389187,1510,1268.36078228461,-0.17892816,51.49795708,2
"126","UKI4",28,4,28.64,11509.1,111.62,23.2,50900,215.8057337,176.9722201,0.72,82,82.27439333,28.56,19.39,56.4,86409,24,285027,1234669,18.27,2430890,3.554624027,11.72521175,50.79082147,12.2705639,3191,1312.68794556726,-0.05415509,51.50839301,2
"127","UKI5",28,4.4,38.43,4473.1,169.67,23.2,22100,87.29088063,221.6796744,0.05,82.4,82.29252442,37.32,33.85,89.34,117593,24,336797,959656,11.46,1940638,6.059502081,17.35496265,49.45054152,11.66026384,4207,2167.84377096604,0.08640102,51.55983025,2
"128","UKI6",28,4.1,36.43,3698.1,171.49,23.2,28100,651.289669,326.7080406,0.77,82.7,82.32252812,32.72,38.51,91.23,89866,24,256574,641140,8.81,1316772,6.824719845,19.48507411,48.69028199,10.47778683,2641,2005.66233182358,-0.07343197,51.37251353,2
"129","UKI7",28,5.2,28.09,4509.4,173.08,23.2,39100,284.2482539,204.5218245,0.97,83.4,82.29364903,32.15,33.5,77.37,131193,24,386165,1054868,8.55,2103443,6.237059906,18.35870998,50.14958808,11.63849722,4217,2004.80830714215,-0.33479257,51.53958712,2
"130","UKJ1",19,2.8,41.04,419.8,174.13,21.3,44500,70.07447585,154.1307538,0.96,83.2,82.27752802,37.43,39.53,101.53,188088,23,534767,1199575,8.69,2417428,7.780500598,22.12132068,49.62195358,9.670882125,3697,1529.31131764834,-1.09665704,51.7198867,2
"131","UKJ2",19,2.6,52,532.7,252.14,21.3,32700,58.21629933,128.0483656,0.59,82.9,82.27262136,45.9,59.1,136.38,291145,23,774049,1425200,6.82,2909838,10.00553983,26.60110288,48.97867166,10.07121245,5824,2001.48599337833,-0.22242867,51.03991509,2
"132","UKJ3",19,3.3,55.52,479.4,238.66,21.3,32400,84.99535887,186.94965,1.67,82.5,82.28594365,49.75,39.97,120.27,187400,23,516634,985439,9.89,1993050,9.402674293,25.92177818,49.44376709,9.286184137,3435,1723.48912470836,-1.28744954,51.02793621,2
"133","UKJ4",19,3.9,61.1,494.2,222,21.3,26100,91.3346888,200.8931821,0.27,81.6,82.27670313,53.21,50.53,138.1,164051,23,467721,912125,9.46,1854717,8.845069086,25.21791734,49.17866176,10.86834882,4855,2617.6500242355,0.72123385,51.22951125,2
"134","UKK1",19,2.7,45.98,335.7,220.58,20.4,33100,86.02986289,148.0587848,0.97,82.3,82.29461711,43.28,49.46,119.44,223161,27,620728,1244704,10.54,2516568,8.867672163,24.66565577,49.46037619,8.711625832,3364,1336.74114905697,-2.11223928,51.52166621,2
"135","UKK2",19,2.1,61.64,218.4,296.15,20.4,25600,162.0505343,278.8915893,0.68,82.4,82.26029433,55.28,52.33,143.16,156512,27,419178,656514,11.49,1336003,11.71494375,31.37552835,49.14015912,7.891153165,513,383.981173694969,-2.66426095,50.97024409,2
"136","UKK3",19,2.1,58.16,159.1,312.39,20.4,21900,380.7517253,655.2798745,0.36,81.4,82.30568472,61.37,69.93,156.82,62137,27,180127,276253,7.75,568612,10.92783832,31.67836767,48.58374428,5.378919907,525,923.300950384445,-4.83171591,50.40355401,2
"137","UKK4",19,3,57.18,177.7,290.89,20.4,23900,181.1415347,311.7475096,2.88,81.9,82.32945504,55.57,65.48,152.14,132154,27,363030,586085,9.45,1195198,11.05708008,30.37404681,49.03664497,6.212257093,1187,993.140885443249,-3.81137184,50.75304355,2
"140","UKM5",19,3.2,53.94,76.2,270.49,22,42300,201.669476,837.5642203,2.24,80.3,82.36350974,60.65,33.58,114.79,37479,28,115484,246600,18.71,495365,7.565936229,23.31291068,49.78147427,3.396565186,459,926.589484521514,-2.61737659,57.23907629,5
"142","UKM7",19,3.4,57.53,150.8,266.45,22,32900,49.98251363,207.5850341,4.5,79.9,82.30353845,72.76,29.04,116.98,165880,28,490684,973068,18.55,1998699,8.299398759,24.55016989,48.68506964,3.951617053,2806,1403.91324556624,-3.59490534,56.40340786,5
"143","UKM8",19,4.6,73.73,800,268.35,22,27800,64.78607625,269.0664968,1.63,77.9,82.29582658,85.75,32.2,137.41,116403,28,351368,747323,18.12,1541998,7.548842476,22.78654058,48.46458945,4.766595927,3187,2066.799049026,-4.3803699,55.92568676,5
"144","UKM9",19,3.1,77.98,59.7,321.12,22,19300,105.4703089,438.0343459,1.37,79.2,82.24361424,79.88,40.05,154.7,92977,28,277086,457018,15.97,947186,9.816129039,29.25359961,48.25007971,4.578469231,1451,1531.90608813897,-3.69758773,55.35355523,5
"145","UKN0",19,2.7,54.32,138.7,203.25,25,25400,239.8479168,311.4537678,0.75,80.9,82.27279928,54.7,38.46,114.97,137295,27,420528,932717,13.84,1893700,7.250092412,22.20668533,49.25368327,3.854991547,2506,1323.33526957807,-6.6931343,54.60993042,5
